"","Year","Zoop_All_Bio_SUM","Zoop_All_Abun_SUM","Zoop_All_Bio_MEAN","Zoop_All_Abun_MEAN","Zoop_All_Bio_SD","Zoop_All_Abun_SD","N","Zoop_All_Bio_SE","Zoop_All_Den_SE"
"1","2012",56838.571006881,51059.43469294,9473.0951678135,8509.90578215667,6811.18678908516,6567.95961501298,6,2780.65536267406,2681.35828466474
"2","2013",159538.51241897,123222.434655938,26589.7520698283,20537.0724426563,39337.9038695432,32839.1580059133,6,16059.6320051728,13406.5301161868
"3","2014",233517.850179618,136353.107995152,38919.641696603,22725.517999192,64719.6113198204,37600.3320424138,6,26421.6706808024,15350.271277189
"4","2015",67222.034045956,35973.130574775,11203.6723409927,5995.5217624625,13611.775602756,8080.53760302343,6,5556.98412000285,3298.86566246328
"5","2016",16366.962360591,4247.781863824,2727.8270600985,707.963643970667,2252.49243094867,632.265750316114,6,919.576184217587,258.121411685405
"6","2017",23779.76992759,3734.76641573,3963.29498793167,622.461069288333,3104.94419349755,1005.43534450238,6,1267.58815898107,410.467260565042
"7","2018",147529.125088181,125433.626773696,24588.1875146968,20905.6044622827,29534.388896501,24522.1465401329,6,12057.3637768914,10011.1244035136
"8","2019",45377.265490873,23779.610027658,7562.87758181217,3963.268337943,6742.20657539979,4668.14104491082,6,2752.49430836118,1905.76060122903
