"","Season","Zoop_All_Bio_SUM","Zoop_All_Abun_SUM","Zoop_All_Bio_MEAN","Zoop_All_Abun_MEAN","Zoop_All_Bio_SD","Zoop_All_Abun_SD","N","Zoop_All_Bio_SE","Zoop_All_Den_SE"
"1","Early Fall",210.754573705,70.4650073,52.68864342625,17.616251825,21.7034739172769,4.07972695767653,4,10.8517369586385,2.03986347883827
"2","Early Spring",31.898999332,5.590778903,3.9873749165,0.698847362875,1.61503011121593,0.383518410051687,8,0.570999371730623,0.135594234228715
"3","Early Summer",346.300487962,111.00654113,49.4714982802857,15.8580773042857,11.2709927855515,5.5997546731541,7,4.26003484848178,2.11650832401965
"4","Late Spring",173.569133243,25.400908653,21.696141655375,3.175113581625,21.4610888697942,2.56365200257991,8,7.5876407357393,0.906387857813364
"5","Late Summer",479.96922484,194.72937559,59.996153105,24.34117194875,27.7867062650987,11.4853554888923,8,9.82408421344501,4.06068637526695
"6","Summer",307.84756244,35.149878474,76.96189061,8.7874696185,40.5567667826924,3.04946661347709,4,20.2783833913462,1.52473330673855
